date,temp_max_c,temp_min_c,temp_avg_c,precipitation_mm,city_name
2020-01-01,17.52,6.73,10.99,0,Los Angeles
2020-01-02,19.18,6.82,11.51,0,Los Angeles
2020-01-03,21.28,9.59,14.2,0,Los Angeles
2020-01-04,18.7,9.53,13.31,0,Los Angeles
2020-01-05,19.2,7.73,12.24,0,Los Angeles
2020-01-06,22.15,8.74,13.4,0,Los Angeles
2020-01-07,20.96,9.01,13.8,0,Los Angeles
2020-01-08,16.43,6.64,10.55,0.01,Los Angeles
2020-01-09,13.02,5.4,8.45,0.32,Los Angeles
2020-01-10,17.23,5.08,10.07,0,Los Angeles
2020-01-11,15.2,5.74,9.89,0,Los Angeles
2020-01-12,15.84,3.86,9.09,0,Los Angeles
2020-01-13,14.81,5.78,9.56,0,Los Angeles
2020-01-14,15.88,5.07,9.83,0,Los Angeles
2020-01-15,16.53,4.43,9.87,0,Los Angeles
2020-01-16,13.46,7.1,9.56,6,Los Angeles
2020-01-17,15.4,4.87,9.47,0.51,Los Angeles
2020-01-18,19.02,5.84,11.06,0,Los Angeles
2020-01-19,21.82,8.77,13.99,0,Los Angeles
2020-01-20,16.71,10.78,12.86,0.6,Los Angeles
2020-01-21,14.04,9.25,11.12,0.32,Los Angeles
2020-01-22,17.74,8.81,12.18,0.02,Los Angeles
2020-01-23,22.15,9.41,14.69,0,Los Angeles
2020-01-24,22.57,11.13,15.06,0,Los Angeles
2020-01-25,21.45,9.71,14.72,0,Los Angeles
2020-01-26,16.79,9.35,12.52,0.01,Los Angeles
2020-01-27,21.5,8,13.43,0,Los Angeles
2020-01-28,21.71,9.02,13.81,0,Los Angeles
2020-01-29,18.01,7.99,12.09,0.01,Los Angeles
2020-01-30,21.59,8.01,13.81,0,Los Angeles
2020-01-31,24.43,10.38,15.7,0,Los Angeles
2020-02-01,26.58,11.05,17.38,0,Los Angeles
2020-02-02,19.71,7.1,14.94,0.08,Los Angeles
2020-02-03,12.77,4.21,7.59,0,Los Angeles
2020-02-04,12.85,2.56,6.55,0,Los Angeles
2020-02-05,16.21,2.59,8.92,0,Los Angeles
2020-02-06,18.34,6.34,11.09,0,Los Angeles
2020-02-07,21.2,8.11,13.53,0.09,Los Angeles
2020-02-08,19.06,10.56,13.51,0.14,Los Angeles
2020-02-09,13.86,8.46,10.94,3.01,Los Angeles
2020-02-10,18.66,8.31,12.2,0.48,Los Angeles
2020-02-11,19.35,8.53,12.74,0,Los Angeles
2020-02-12,16.7,8.03,11.74,0,Los Angeles
2020-02-13,18.96,8.05,12.32,0,Los Angeles
2020-02-14,18.98,8.3,12.57,0,Los Angeles
2020-02-15,19.59,8.61,13.15,0,Los Angeles
2020-02-16,21,9.59,14.28,0,Los Angeles
2020-02-17,21.85,7.75,13.9,0,Los Angeles
2020-02-18,20.65,10.4,13.9,0,Los Angeles
2020-02-19,19.81,8.15,13.44,0.01,Los Angeles
2020-02-20,22.19,9.48,15.51,0,Los Angeles
2020-02-21,22.22,10.96,15.38,0.04,Los Angeles
2020-02-22,14.43,10.14,11.73,2,Los Angeles
2020-02-23,18.27,10.07,12.67,0.18,Los Angeles
2020-02-24,22.3,7.45,14.11,0.03,Los Angeles
2020-02-25,25.33,11.68,16.71,0,Los Angeles
2020-02-26,23.97,9.79,15.79,0,Los Angeles
2020-02-27,25.81,11.07,17.46,0,Los Angeles
2020-02-28,25.74,12.19,18.12,0,Los Angeles
2020-02-29,19.83,10.29,14.26,0.09,Los Angeles
2020-03-01,14.16,7.09,10.84,1.24,Los Angeles
2020-03-02,18.22,6.37,11.68,0.48,Los Angeles
2020-03-03,23.95,8.61,15.67,0,Los Angeles
2020-03-04,21.51,10.68,14.98,0.01,Los Angeles
2020-03-05,22.75,10.92,16.53,0,Los Angeles
2020-03-06,21.09,10.27,15.19,0.05,Los Angeles
2020-03-07,14.49,9.34,11.2,0.68,Los Angeles
2020-03-08,15.92,8.65,11.45,0.03,Los Angeles
2020-03-09,19.28,8.23,13.12,1.97,Los Angeles
2020-03-10,18.39,11.33,13.96,10.38,Los Angeles
2020-03-11,19.03,11.17,14.39,1.37,Los Angeles
2020-03-12,16.44,11.04,13.05,53.24,Los Angeles
2020-03-13,14.98,9.72,11.94,11.49,Los Angeles
2020-03-14,15.29,11.06,12.5,4.52,Los Angeles
2020-03-15,15.24,9.63,11.77,1.83,Los Angeles
2020-03-16,14.5,7.38,10.97,16,Los Angeles
2020-03-17,13.26,6.04,9.15,0.52,Los Angeles
2020-03-18,16.31,5.42,10.29,0.2,Los Angeles
2020-03-19,12.58,7.19,9.6,3.15,Los Angeles
2020-03-20,14.75,8.22,11.4,0.6,Los Angeles
2020-03-21,17.04,9.51,12.58,0.04,Los Angeles
2020-03-22,16.92,9.12,12.65,20.41,Los Angeles
2020-03-23,15.81,8.63,11.99,3.32,Los Angeles
2020-03-24,15.11,8.91,11.71,0.97,Los Angeles
2020-03-25,14.64,6.96,10.44,1.06,Los Angeles
2020-03-26,14.1,4.86,8.9,0.25,Los Angeles
2020-03-27,16.13,3.44,9.94,0.02,Los Angeles
2020-03-28,15.54,6.68,11.11,0.02,Los Angeles
2020-03-29,16.6,7.91,12.08,0.05,Los Angeles
2020-03-30,21.14,6.87,13.79,0,Los Angeles
2020-03-31,21.52,10.4,15.65,0,Los Angeles
2020-04-01,21.46,11.89,15.9,0.06,Los Angeles
2020-04-02,19.82,10.39,14.45,0.07,Los Angeles
2020-04-03,19.49,7.67,13.09,0,Los Angeles
2020-04-04,17.83,10.55,13.12,0.32,Los Angeles
2020-04-05,15.09,10.37,12.18,6.14,Los Angeles
2020-04-06,13.79,9.05,11.4,29.39,Los Angeles
2020-04-07,17.24,7.16,11.85,13.79,Los Angeles
2020-04-08,12.3,8.55,10.01,5.15,Los Angeles
2020-04-09,10.89,8.12,9.36,25.42,Los Angeles
2020-04-10,14.74,8.09,11.1,8.43,Los Angeles
2020-04-11,20.32,7.34,13.61,0.06,Los Angeles
2020-04-12,14.66,11.02,12.38,0.79,Los Angeles
2020-04-13,19.1,10.69,13.69,0.16,Los Angeles
2020-04-14,23.4,8.4,15.74,0.01,Los Angeles
2020-04-15,24.5,10.14,16.62,0,Los Angeles
2020-04-16,21.08,10.88,14.99,0.01,Los Angeles
2020-04-17,17.07,10.86,13.23,0.11,Los Angeles
2020-04-18,16.56,10.84,13.07,0.21,Los Angeles
2020-04-19,18.67,11.28,13.85,0.02,Los Angeles
2020-04-20,18.6,11.12,14.15,0.01,Los Angeles
2020-04-21,22.12,9.84,15.54,0.01,Los Angeles
2020-04-22,26.26,10.94,18.75,0,Los Angeles
2020-04-23,30.44,14.4,21.45,0,Los Angeles
2020-04-24,32.69,15.51,23.38,0,Los Angeles
2020-04-25,29.01,16.25,22.47,0,Los Angeles
2020-04-26,27.87,17.64,21.82,0.06,Los Angeles
2020-04-27,27.35,14.1,20.15,0,Los Angeles
2020-04-28,28.01,14.66,20.94,0,Los Angeles
2020-04-29,26.63,15.41,19.8,0,Los Angeles
2020-04-30,26.26,14.95,19.92,0,Los Angeles
2020-05-01,25.22,12.28,18.74,0,Los Angeles
2020-05-02,24.88,12.76,18.28,0,Los Angeles
2020-05-03,24.22,11.7,17.78,0,Los Angeles
2020-05-04,28,10.98,19.52,0,Los Angeles
2020-05-05,30.29,14.94,22.41,0,Los Angeles
2020-05-06,31.72,15.57,23.28,0,Los Angeles
2020-05-07,31.47,16.76,23.15,0,Los Angeles
2020-05-08,28.1,16.54,21.45,0,Los Angeles
2020-05-09,24.17,15.73,19.59,0,Los Angeles
2020-05-10,22.49,12.1,17.38,0.02,Los Angeles
2020-05-11,20.83,11.43,15.21,0.04,Los Angeles
2020-05-12,19.48,11.28,15.03,0.24,Los Angeles
2020-05-13,21.78,10.85,16.05,0.01,Los Angeles
2020-05-14,24.47,11.35,17.99,0,Los Angeles
2020-05-15,25.83,12.94,19.11,0,Los Angeles
2020-05-16,25.87,13.48,19.25,0,Los Angeles
2020-05-17,23.57,12.96,17.92,0.12,Los Angeles
2020-05-18,20.43,12.01,16.18,2.82,Los Angeles
2020-05-19,19.94,9.77,14.96,0.02,Los Angeles
2020-05-20,23.14,10.33,16.76,0.01,Los Angeles
2020-05-21,25.86,11.03,18.8,0,Los Angeles
2020-05-22,23.18,12.72,17.33,0.06,Los Angeles
2020-05-23,24.21,12.26,17.51,0.02,Los Angeles
2020-05-24,26.41,10.98,18.73,0,Los Angeles
2020-05-25,28.67,14.08,21.69,0,Los Angeles
2020-05-26,29.64,16.14,22.82,0,Los Angeles
2020-05-27,28.55,16.44,22.03,0,Los Angeles
2020-05-28,25.92,15.79,20.18,0,Los Angeles
2020-05-29,23.62,13.65,18.02,0,Los Angeles
2020-05-30,22.48,12.19,16.69,0,Los Angeles
2020-05-31,24.01,12.62,18.05,0,Los Angeles
2020-06-01,28.1,16.08,21.4,0,Los Angeles
2020-06-02,26.98,16.53,21.59,0,Los Angeles
2020-06-03,32.39,18.63,24.77,0,Los Angeles
2020-06-04,26.03,15.67,20.42,0.01,Los Angeles
2020-06-05,21.76,14.98,17.5,0.3,Los Angeles
2020-06-06,20.72,14.22,16.96,0.2,Los Angeles
2020-06-07,24.3,11.55,17.93,0,Los Angeles
2020-06-08,28.39,11.55,19.93,0,Los Angeles
2020-06-09,32.08,14.88,23.79,0,Los Angeles
2020-06-10,33.28,17.07,25.03,0,Los Angeles
2020-06-11,30.21,17.03,23.44,0,Los Angeles
2020-06-12,24.76,14.42,19.2,0,Los Angeles
2020-06-13,24.82,13.91,19.01,0,Los Angeles
2020-06-14,27.03,12.38,19.25,0.02,Los Angeles
2020-06-15,26.67,14.12,19.91,0.01,Los Angeles
2020-06-16,24.48,14.41,18.67,0,Los Angeles
2020-06-17,26.26,13.86,19.31,0,Los Angeles
2020-06-18,26.7,14.74,19.7,0,Los Angeles
2020-06-19,25.94,15.16,19.35,0.12,Los Angeles
2020-06-20,25.71,14.8,18.93,0.28,Los Angeles
2020-06-21,25.31,14.67,19.19,0.13,Los Angeles
2020-06-22,26.91,14.23,20.64,0.08,Los Angeles
2020-06-23,27.29,15.47,21.09,0.04,Los Angeles
2020-06-24,26.78,15.54,20.22,0.04,Los Angeles
2020-06-25,25.27,14.94,19.31,0,Los Angeles
2020-06-26,28.71,15.1,21.46,0,Los Angeles
2020-06-27,25.8,15.34,19.9,0.01,Los Angeles
2020-06-28,22.57,14.7,17.92,0.14,Los Angeles
2020-06-29,25.09,13.62,17.99,0.05,Los Angeles
2020-06-30,27.25,13.03,19.31,0.02,Los Angeles
2020-07-01,23.85,14.58,18.42,0,Los Angeles
2020-07-02,25.53,13.74,19.43,0,Los Angeles
2020-07-03,29.6,15.26,22.44,0,Los Angeles
2020-07-04,30.18,18.32,23.86,0,Los Angeles
2020-07-05,31.9,17.41,24.46,0,Los Angeles
2020-07-06,31.86,17.96,24.67,0,Los Angeles
2020-07-07,30.2,17.43,23.23,0,Los Angeles
2020-07-08,28.4,14.83,21.5,0,Los Angeles
2020-07-09,29.7,15.33,22.04,0,Los Angeles
2020-07-10,32.92,17.13,25.26,0,Los Angeles
2020-07-11,34.59,19.73,26.94,0,Los Angeles
2020-07-12,34,21.55,27.16,0,Los Angeles
2020-07-13,29.01,18.32,23.52,0,Los Angeles
2020-07-14,26.76,16.62,21.02,0,Los Angeles
2020-07-15,26.98,15.15,20.55,0,Los Angeles
2020-07-16,27.46,15.39,20.84,0,Los Angeles
2020-07-17,27.48,15.29,20.94,0,Los Angeles
2020-07-18,29.07,16.23,22.21,0,Los Angeles
2020-07-19,28.13,16.54,21.97,0,Los Angeles
2020-07-20,30.01,16.56,22.45,0,Los Angeles
2020-07-21,27.2,16.82,21.14,0,Los Angeles
2020-07-22,25.78,14.36,19.37,0,Los Angeles
2020-07-23,25.04,13.51,18.53,0,Los Angeles
2020-07-24,26.85,14.26,20.02,0,Los Angeles
2020-07-25,28.19,14.66,21.11,0,Los Angeles
2020-07-26,30.44,16.53,22.88,0,Los Angeles
2020-07-27,27.73,17.56,21.78,0,Los Angeles
2020-07-28,29.36,16.52,22.3,0,Los Angeles
2020-07-29,29.86,16.72,22.95,0,Los Angeles
2020-07-30,33.56,18.3,25.85,0,Los Angeles
2020-07-31,33.58,22.72,27.78,0,Los Angeles
2020-08-01,33.51,21.22,26.98,0,Los Angeles
2020-08-02,32.28,19.11,24.76,0,Los Angeles
2020-08-03,33.62,17.1,24.6,0,Los Angeles
2020-08-04,28.8,17.43,22.49,0,Los Angeles
2020-08-05,26.27,15.76,20.12,0,Los Angeles
2020-08-06,25.24,14.87,19.65,0,Los Angeles
2020-08-07,27.81,14.83,20.84,0,Los Angeles
2020-08-08,28.74,16.69,22.27,0,Los Angeles
2020-08-09,30.48,17.49,23.01,0,Los Angeles
2020-08-10,29.6,16.96,22.52,0,Los Angeles
2020-08-11,30.9,17.14,23.01,0,Los Angeles
2020-08-12,32.76,18.86,25.46,0,Los Angeles
2020-08-13,33.73,21.96,27.32,0,Los Angeles
2020-08-14,34.96,23.08,29,0,Los Angeles
2020-08-15,36.02,23.57,29.58,0.01,Los Angeles
2020-08-16,35.77,23.55,28.16,0.11,Los Angeles
2020-08-17,35.7,22.51,28.41,0.01,Los Angeles
2020-08-18,38.76,23.25,29.91,0,Los Angeles
2020-08-19,37.23,24.1,29.31,0.12,Los Angeles
2020-08-20,36.09,23.25,28.4,0.3,Los Angeles
2020-08-21,34.02,22.87,27.68,0,Los Angeles
2020-08-22,33.69,22.19,27.73,0.06,Los Angeles
2020-08-23,32.58,21.35,26.18,0.01,Los Angeles
2020-08-24,33.14,20.8,26.15,0,Los Angeles
2020-08-25,32.04,20.89,26.05,0,Los Angeles
2020-08-26,32.49,21.04,26.01,0,Los Angeles
2020-08-27,34.88,20.97,26.83,0,Los Angeles
2020-08-28,31.25,19.14,24.95,0,Los Angeles
2020-08-29,30,16.69,22.38,0,Los Angeles
2020-08-30,29.16,15.79,21.34,0,Los Angeles
2020-08-31,26.76,14.84,20.03,0,Los Angeles
2020-09-01,28.19,14.78,20.54,0,Los Angeles
2020-09-02,31.05,16.16,22.44,0,Los Angeles
2020-09-03,32.99,17.88,24.35,0,Los Angeles
2020-09-04,34.51,20.03,27.07,0,Los Angeles
2020-09-05,40.01,24.76,33.11,0,Los Angeles
2020-09-06,41.53,26.24,33.93,0,Los Angeles
2020-09-07,35.7,21.26,27.56,0,Los Angeles
2020-09-08,31.46,19.51,24.15,0.01,Los Angeles
2020-09-09,30.93,19.46,23.97,0,Los Angeles
2020-09-10,31.39,19.25,24.53,0,Los Angeles
2020-09-11,30.92,18.97,24.16,0,Los Angeles
2020-09-12,31.48,18.96,24.06,0,Los Angeles
2020-09-13,30.11,18.18,23.27,0,Los Angeles
2020-09-14,30.42,19.89,24.61,0,Los Angeles
2020-09-15,31.35,20.52,24.98,0,Los Angeles
2020-09-16,32.85,20.47,25.63,0,Los Angeles
2020-09-17,32.71,20.36,25.64,0,Los Angeles
2020-09-18,32.9,22,26.81,0.03,Los Angeles
2020-09-19,30.87,19.56,24.38,0,Los Angeles
2020-09-20,29.42,17.01,22.25,0,Los Angeles
2020-09-21,28.48,17.28,21.67,0,Los Angeles
2020-09-22,29.69,17.27,22.4,0,Los Angeles
2020-09-23,30.92,17.37,23.25,0,Los Angeles
2020-09-24,31.59,18.6,24.1,0,Los Angeles
2020-09-25,29.13,17.17,22.24,0,Los Angeles
2020-09-26,29.32,16.02,21.76,0,Los Angeles
2020-09-27,30.5,16.24,22.54,0,Los Angeles
2020-09-28,33.4,18.71,25.01,0,Los Angeles
2020-09-29,37.17,19.51,27.78,0,Los Angeles
2020-09-30,38.71,23.16,29.73,0,Los Angeles
2020-10-01,37.65,22.33,29.06,0,Los Angeles
2020-10-02,36.29,21.44,27.82,0,Los Angeles
2020-10-03,34.29,21.01,26.11,0,Los Angeles
2020-10-04,34.53,21.7,26.69,0,Los Angeles
2020-10-05,33.39,22.51,26.01,0,Los Angeles
2020-10-06,30.82,20.63,24.68,0,Los Angeles
2020-10-07,28.58,16.38,22.17,0,Los Angeles
2020-10-08,24.3,15.39,18.75,0,Los Angeles
2020-10-09,24.21,15.77,18.6,0,Los Angeles
2020-10-10,24.14,15.94,19,0,Los Angeles
2020-10-11,28.01,15.49,20.45,0.12,Los Angeles
2020-10-12,34.94,17.42,25.33,0,Los Angeles
2020-10-13,34.6,21.11,26.39,0,Los Angeles
2020-10-14,34.72,20.32,26.25,0,Los Angeles
2020-10-15,34,20.13,26.36,0,Los Angeles
2020-10-16,35.57,22.52,27.31,0,Los Angeles
2020-10-17,32.01,19.84,24.49,0,Los Angeles
2020-10-18,29.83,17.78,22.19,0,Los Angeles
2020-10-19,29.96,15.5,20.93,0,Los Angeles
2020-10-20,27.97,15.09,20.11,0,Los Angeles
2020-10-21,25.11,14.81,18.63,0,Los Angeles
2020-10-22,23.58,14.14,17.84,0.01,Los Angeles
2020-10-23,22.61,15.55,17.93,0.01,Los Angeles
2020-10-24,20,14.95,16.86,0.01,Los Angeles
2020-10-25,18.03,12.68,15.38,0.16,Los Angeles
2020-10-26,19.87,10.94,14.47,0.01,Los Angeles
2020-10-27,24.99,10.59,17.11,0,Los Angeles
2020-10-28,26.75,12.01,18.28,0,Los Angeles
2020-10-29,28.77,13.14,20.16,0,Los Angeles
2020-10-30,29.11,15.33,21.07,0,Los Angeles
2020-10-31,30.51,15.11,21.95,0,Los Angeles
2020-11-01,29.69,17.46,22.38,0,Los Angeles
2020-11-02,26.87,16.88,20.46,0,Los Angeles
2020-11-03,26.69,15.84,19.89,0,Los Angeles
2020-11-04,31.71,15.22,22.24,0,Los Angeles
2020-11-05,32.2,18.85,24.26,0,Los Angeles
2020-11-06,22.95,11.99,17.72,0.53,Los Angeles
2020-11-07,13.27,8.49,10.61,4.53,Los Angeles
2020-11-08,13.98,6.38,10.21,1.74,Los Angeles
2020-11-09,15.84,3.58,9.41,0,Los Angeles
2020-11-10,18.62,6.25,11.74,0,Los Angeles
2020-11-11,19.48,9.19,13.1,0,Los Angeles
2020-11-12,20.63,10.05,13.68,0,Los Angeles
2020-11-13,19.06,10.19,13.19,0,Los Angeles
2020-11-14,23.79,7.63,14.78,0,Los Angeles
2020-11-15,28.32,12.87,18.87,0,Los Angeles
2020-11-16,29.42,14.52,20.04,0,Los Angeles
2020-11-17,24.21,13.36,17.51,0,Los Angeles
2020-11-18,19.26,11.86,14.83,0,Los Angeles
2020-11-19,23.01,9.93,15.23,0,Los Angeles
2020-11-20,23.92,13.48,17.52,0,Los Angeles
2020-11-21,24.04,14.43,17.83,0,Los Angeles
2020-11-22,22.49,12.08,16.79,0,Los Angeles
2020-11-23,19.74,9.15,13.18,0,Los Angeles
2020-11-24,20.43,7.76,13.18,0,Los Angeles
2020-11-25,18.46,9.04,13.28,0,Los Angeles
2020-11-26,19.51,6.66,11.69,0,Los Angeles
2020-11-27,20.41,7.31,12.19,0,Los Angeles
2020-11-28,21.55,7.4,12.92,0,Los Angeles
2020-11-29,23.66,7.89,14.25,0,Los Angeles
2020-11-30,24.98,12.43,16.68,0,Los Angeles
2020-12-01,25.66,10.81,16.32,0,Los Angeles
2020-12-02,24.48,11.85,16.14,0,Los Angeles
2020-12-03,21.11,8.58,13.18,0,Los Angeles
2020-12-04,22.62,7.17,13.38,0,Los Angeles
2020-12-05,21.67,9.38,14.32,0,Los Angeles
2020-12-06,22.85,10.21,15.19,0,Los Angeles
2020-12-07,20.69,10.88,14.95,0,Los Angeles
2020-12-08,24.26,14.16,17.32,0,Los Angeles
2020-12-09,22.67,11.81,16.39,0,Los Angeles
2020-12-10,17.06,8.41,11.71,0,Los Angeles
2020-12-11,14.03,6.94,9.77,0,Los Angeles
2020-12-12,17.08,7.08,10.95,0.1,Los Angeles
2020-12-13,18.56,6.92,12.07,0.01,Los Angeles
2020-12-14,17.17,6.98,10.9,0.06,Los Angeles
2020-12-15,19.46,7.29,11.87,0,Los Angeles
2020-12-16,21.68,7.86,13.73,0,Los Angeles
2020-12-17,17.38,7.74,12.21,0.02,Los Angeles
2020-12-18,19.54,5.78,11.26,0,Los Angeles
2020-12-19,22.1,7.81,12.99,0,Los Angeles
2020-12-20,26.65,10.37,16,0,Los Angeles
2020-12-21,26.25,11.83,17.35,0,Los Angeles
2020-12-22,21.67,10.07,14.41,0.06,Los Angeles
2020-12-23,20.52,9.61,13.73,0,Los Angeles
2020-12-24,16.67,10.21,12.85,0.38,Los Angeles
2020-12-25,20.54,9.51,14.18,0,Los Angeles
2020-12-26,19.74,9.25,13.26,0,Los Angeles
2020-12-27,17.53,9.23,11.58,0.82,Los Angeles
2020-12-28,10.85,7.67,9.29,33.32,Los Angeles
2020-12-29,15.92,4.92,9.07,0.18,Los Angeles
2020-12-30,18.77,4.73,10.53,0.02,Los Angeles
2020-12-31,17.61,5.26,10.48,0.01,Los Angeles
2021-01-01,18.7,7.01,11.42,0,Los Angeles
2021-01-02,17.61,8.37,11.7,0,Los Angeles
2021-01-03,16.16,7.88,11.14,0,Los Angeles
2021-01-04,17.34,8.59,11.95,0,Los Angeles
2021-01-05,21.13,5.9,11.8,0,Los Angeles
2021-01-06,21.53,9.84,14.52,0,Los Angeles
2021-01-07,21.41,9.34,13.65,0,Los Angeles
2021-01-08,22.2,9.05,13.7,0,Los Angeles
2021-01-09,20.71,7.96,12.58,0,Los Angeles
2021-01-10,19.87,7.65,12.28,0,Los Angeles
2021-01-11,21.21,7.73,12.71,0,Los Angeles
2021-01-12,19.95,7.92,12.75,0,Los Angeles
2021-01-13,23.43,8.96,14.73,0,Los Angeles
2021-01-14,28.25,13.1,18.61,0,Los Angeles
2021-01-15,29.88,13.61,19.1,0,Los Angeles
2021-01-16,28.38,14.69,19.64,0,Los Angeles
2021-01-17,26.79,13.79,18.61,0,Los Angeles
2021-01-18,24.85,10.71,16.65,0,Los Angeles
2021-01-19,16.1,8.97,12.39,0.02,Los Angeles
2021-01-20,20.45,11.76,14.97,0.03,Los Angeles
2021-01-21,19.93,9.6,13.87,0.01,Los Angeles
2021-01-22,15.2,8.68,11.54,0.39,Los Angeles
2021-01-23,11.55,5.23,8.77,5.84,Los Angeles
2021-01-24,14.07,3.25,8.29,2.35,Los Angeles
2021-01-25,9.03,3.03,6.62,3.77,Los Angeles
2021-01-26,11.85,1.45,5.93,0.13,Los Angeles
2021-01-27,11.98,5.82,8.25,1.29,Los Angeles
2021-01-28,15.14,5.56,10.12,28.63,Los Angeles
2021-01-29,10.46,5.47,7.92,9,Los Angeles
2021-01-30,15.64,2.65,8.81,0.02,Los Angeles
2021-01-31,18.64,7.24,12.48,0,Los Angeles
2021-02-01,19.6,11.28,14.34,0,Los Angeles
2021-02-02,20.05,11.82,14.74,0,Los Angeles
2021-02-03,19.72,7.84,13.01,0,Los Angeles
2021-02-04,18.11,5.69,10.92,0,Los Angeles
2021-02-05,21.51,6.63,12.76,0,Los Angeles
2021-02-06,23.81,8.42,15.16,0,Los Angeles
2021-02-07,21.35,9.22,14.24,0,Los Angeles
2021-02-08,18.01,7.64,11.51,0,Los Angeles
2021-02-09,14.8,7.24,9.86,0.01,Los Angeles
2021-02-10,19,7.68,11.45,0.02,Los Angeles
2021-02-11,19.24,7.46,12.35,0.03,Los Angeles
2021-02-12,18.45,9.03,12.39,0.9,Los Angeles
2021-02-13,15.86,8.33,11.17,0.03,Los Angeles
2021-02-14,17.74,6.87,11.3,0,Los Angeles
2021-02-15,17.68,8.17,11.97,0.06,Los Angeles
2021-02-16,18.43,6.24,11.44,0.02,Los Angeles
2021-02-17,18.31,4.87,10.9,0,Los Angeles
2021-02-18,19.07,5.51,11.62,0,Los Angeles
2021-02-19,21.14,9.21,13.88,0,Los Angeles
2021-02-20,16.9,7.98,11.53,0,Los Angeles
2021-02-21,21.23,6.87,12.63,0,Los Angeles
2021-02-22,24.55,8.3,15,0,Los Angeles
2021-02-23,24.58,10.22,16.46,0,Los Angeles
2021-02-24,22.43,10.36,15.03,0,Los Angeles
2021-02-25,20.09,8.35,12.61,0,Los Angeles
2021-02-26,22.25,6.25,13.21,0,Los Angeles
2021-02-27,21.16,7.04,13.19,0,Los Angeles
2021-02-28,19.62,7.5,12.48,0,Los Angeles
2021-03-01,21.41,5.94,12.86,0,Los Angeles
2021-03-02,21.21,6.41,13.07,0,Los Angeles
2021-03-03,13.04,7.07,9.62,4.78,Los Angeles
2021-03-04,19.17,6.05,11.91,0.06,Los Angeles
2021-03-05,23.62,9.32,15.25,0,Los Angeles
2021-03-06,19.55,8.3,12.91,0,Los Angeles
2021-03-07,14.78,7.51,11.07,0.36,Los Angeles
2021-03-08,17.01,9.35,11.93,0.15,Los Angeles
2021-03-09,15.84,6.29,10.48,0.29,Los Angeles
2021-03-10,11.3,6.34,8.62,12.43,Los Angeles
2021-03-11,11.03,5.33,7.4,7.31,Los Angeles
2021-03-12,12.72,3.81,8.28,0.98,Los Angeles
2021-03-13,16.88,5.5,10.21,0.02,Los Angeles
2021-03-14,16.54,7.68,10.89,0.14,Los Angeles
2021-03-15,13.51,4.35,9.23,5.29,Los Angeles
2021-03-16,15.19,2.63,8.31,0.01,Los Angeles
2021-03-17,17.26,5.63,11.05,0.01,Los Angeles
2021-03-18,19.92,8.68,13.06,0,Los Angeles
2021-03-19,21.02,9.65,14.38,0.06,Los Angeles
2021-03-20,18.89,7.54,13.02,0.16,Los Angeles
2021-03-21,18.85,4.68,11.73,0,Los Angeles
2021-03-22,20.03,5.8,12.29,0,Los Angeles
2021-03-23,18.87,6.86,12.37,0.04,Los Angeles
2021-03-24,20.87,7.33,13.3,0,Los Angeles
2021-03-25,14.05,7.87,10.11,0.17,Los Angeles
2021-03-26,18.88,6.85,11.89,0.06,Los Angeles
2021-03-27,23.93,6.78,15.41,0,Los Angeles
2021-03-28,28.03,10.61,18.85,0,Los Angeles
2021-03-29,26.35,11.59,17.99,0,Los Angeles
2021-03-30,25,8.9,15.91,0,Los Angeles
2021-03-31,27.84,11.63,18.59,0,Los Angeles
2021-04-01,28.74,12.69,19.97,0,Los Angeles
2021-04-02,22.8,10.44,16.27,0,Los Angeles
2021-04-03,23.55,11.28,16.45,0,Los Angeles
2021-04-04,25.77,11.86,17.69,0,Los Angeles
2021-04-05,22.96,11.38,16.48,0,Los Angeles
2021-04-06,22.9,10.62,15.87,0,Los Angeles
2021-04-07,24.92,12.65,17.47,0,Los Angeles
2021-04-08,25.48,12.02,17.76,0,Los Angeles
2021-04-09,25.78,10.84,17.51,0,Los Angeles
2021-04-10,26.5,11.52,18,0,Los Angeles
2021-04-11,22.97,11.52,15.94,0,Los Angeles
2021-04-12,22.54,10.17,14.88,0.03,Los Angeles
2021-04-13,15.57,9.93,12.63,0.16,Los Angeles
2021-04-14,15.96,8.34,11.39,0.01,Los Angeles
2021-04-15,20.99,7.61,13.36,0,Los Angeles
2021-04-16,22.16,9.19,14.79,0,Los Angeles
2021-04-17,23.02,8.63,16.17,0,Los Angeles
2021-04-18,27.78,13.26,19.77,0,Los Angeles
2021-04-19,28.09,13.1,19.72,0,Los Angeles
2021-04-20,22.33,10.21,15.5,0,Los Angeles
2021-04-21,17.84,9.99,13.01,0.04,Los Angeles
2021-04-22,19.28,10.75,13.39,0.16,Los Angeles
2021-04-23,18.43,10.71,13.44,0.12,Los Angeles
2021-04-24,18.37,10.27,13.69,0.03,Los Angeles
2021-04-25,18.33,9.96,13.13,0.28,Los Angeles
2021-04-26,17.27,9.57,12.38,0.39,Los Angeles
2021-04-27,19.31,8.96,13.54,0.04,Los Angeles
2021-04-28,27.28,8.81,18.25,0,Los Angeles
2021-04-29,31.83,13.26,22.68,0,Los Angeles
2021-04-30,32.06,16.56,23.35,0,Los Angeles
2021-05-01,22.52,11.85,17.63,0,Los Angeles
2021-05-02,23.53,10.24,15.78,0,Los Angeles
2021-05-03,27.41,10.89,18.73,0,Los Angeles
2021-05-04,27.56,12.94,20.07,0,Los Angeles
2021-05-05,27.46,14.74,20.5,0,Los Angeles
2021-05-06,24.51,11.46,17.33,0,Los Angeles
2021-05-07,22.54,10.99,15.87,0,Los Angeles
2021-05-08,25.55,10.1,17.19,0,Los Angeles
2021-05-09,25.51,11.63,17.24,0,Los Angeles
2021-05-10,25.06,12.51,17.31,0,Los Angeles
2021-05-11,26.5,13.13,18.71,0,Los Angeles
2021-05-12,26.41,12.56,18.54,0,Los Angeles
2021-05-13,22.91,12.33,16.8,0,Los Angeles
2021-05-14,22.94,11.27,16.05,0,Los Angeles
2021-05-15,20.06,10.89,14.32,0.13,Los Angeles
2021-05-16,17.54,11.4,13.99,0.64,Los Angeles
2021-05-17,23.13,12.12,16.58,0.18,Los Angeles
2021-05-18,26.94,12.19,18.77,0.02,Los Angeles
2021-05-19,24.69,11.6,17.33,0,Los Angeles
2021-05-20,22.63,11.46,16.22,0,Los Angeles
2021-05-21,21.15,9.04,15,0,Los Angeles
2021-05-22,20.41,10.26,14.43,0.03,Los Angeles
2021-05-23,24.23,9.36,16.91,0,Los Angeles
2021-05-24,30.98,12.65,22.16,0,Los Angeles
2021-05-25,29.99,15.99,22.03,0.01,Los Angeles
2021-05-26,25.64,12.64,18.85,0.02,Los Angeles
2021-05-27,24.99,11.87,17.35,0.03,Los Angeles
2021-05-28,26.06,11.79,17.76,0.02,Los Angeles
2021-05-29,23.22,12.71,16.76,0.03,Los Angeles
2021-05-30,27.61,12.15,18.66,0.04,Los Angeles
2021-05-31,27.63,13.84,19.88,0,Los Angeles
2021-06-01,28.79,14.27,21.18,0,Los Angeles
2021-06-02,29.6,15.63,21.25,0,Los Angeles
2021-06-03,26.18,14.41,19.48,0,Los Angeles
2021-06-04,25.59,14.22,19.58,0,Los Angeles
2021-06-05,25.16,13.42,18.86,0,Los Angeles
2021-06-06,22.27,12.28,16.77,0.01,Los Angeles
2021-06-07,21.1,12.82,15.75,0.09,Los Angeles
2021-06-08,23.11,13.4,17.05,0.02,Los Angeles
2021-06-09,23.33,12.74,17.36,0,Los Angeles
2021-06-10,26.67,10.68,18.87,0,Los Angeles
2021-06-11,28.47,12.14,20.41,0,Los Angeles
2021-06-12,29.96,14.44,22.17,0,Los Angeles
2021-06-13,29.02,15.79,22.42,0,Los Angeles
2021-06-14,31.55,17.4,24.83,0,Los Angeles
2021-06-15,34.39,20.91,27.46,0,Los Angeles
2021-06-16,34.3,19.94,26.52,0.01,Los Angeles
2021-06-17,32.09,20.78,25.65,0,Los Angeles
2021-06-18,29.63,19.38,23.68,0.02,Los Angeles
2021-06-19,28.89,17.57,22.44,0,Los Angeles
2021-06-20,27.51,16.28,21.7,0,Los Angeles
2021-06-21,27.29,14.92,21.1,0,Los Angeles
2021-06-22,28.58,16.26,22.44,0,Los Angeles
2021-06-23,28.18,16.23,21.8,0.03,Los Angeles
2021-06-24,25.59,14.75,19.51,0,Los Angeles
2021-06-25,28.99,15.17,21.7,0,Los Angeles
2021-06-26,32.98,16.05,24.69,0,Los Angeles
2021-06-27,34.81,19.71,26.46,0,Los Angeles
2021-06-28,33.06,19.08,25.49,0,Los Angeles
2021-06-29,29.7,18.08,22.87,0.01,Los Angeles
2021-06-30,28.62,17.11,22.54,0.01,Los Angeles
2021-07-01,30.17,17.05,23.27,0,Los Angeles
2021-07-02,30.49,18.08,23.83,0,Los Angeles
2021-07-03,31.64,18.43,24.35,0,Los Angeles
2021-07-04,27.41,17.05,21.71,0,Los Angeles
2021-07-05,29.17,15.87,22.41,0,Los Angeles
2021-07-06,29.98,17.1,23.46,0,Los Angeles
2021-07-07,30.72,18.68,24.5,0,Los Angeles
2021-07-08,33.51,19.75,25.81,0,Los Angeles
2021-07-09,32.38,21.65,26.7,0,Los Angeles
2021-07-10,30.49,20.09,25,0,Los Angeles
2021-07-11,33.5,19.26,25.11,0,Los Angeles
2021-07-12,29.33,18.98,23.02,0.05,Los Angeles
2021-07-13,31.16,18.8,24.45,0,Los Angeles
2021-07-14,29.89,19.72,24.4,0.07,Los Angeles
2021-07-15,30.08,18.57,23.83,0,Los Angeles
2021-07-16,29.95,17.39,23.39,0,Los Angeles
2021-07-17,30.9,17.92,24.34,0,Los Angeles
2021-07-18,34.27,21.16,26.26,0.14,Los Angeles
2021-07-19,32.52,20.17,25.97,0.01,Los Angeles
2021-07-20,32.42,20.33,25.48,0,Los Angeles
2021-07-21,32.51,20.6,26.26,0,Los Angeles
2021-07-22,30.45,19.77,24.63,0,Los Angeles
2021-07-23,29.94,18.57,23.59,0,Los Angeles
2021-07-24,29.37,17.98,22.89,0,Los Angeles
2021-07-25,27.64,18.03,22.19,0.02,Los Angeles
2021-07-26,27.03,18.26,22.06,1.73,Los Angeles
2021-07-27,29.75,18.54,24.13,0.04,Los Angeles
2021-07-28,31.98,20.73,25.58,0,Los Angeles
2021-07-29,31.94,20.31,25.26,0,Los Angeles
2021-07-30,30.96,19.55,24.92,0.01,Los Angeles
2021-07-31,31.77,18.96,24.74,0.01,Los Angeles
2021-08-01,31.63,18.91,25.09,0,Los Angeles
2021-08-02,33.53,20.96,26.66,0,Los Angeles
2021-08-03,34.01,20.9,26.94,0,Los Angeles
2021-08-04,33.4,21.38,26.79,0,Los Angeles
2021-08-05,31.99,20.39,25.39,0,Los Angeles
2021-08-06,30.35,17.47,23.34,0,Los Angeles
2021-08-07,29.9,16.32,22.1,0,Los Angeles
2021-08-08,27.69,16.82,22.02,0,Los Angeles
2021-08-09,29.41,17.59,22.81,0.13,Los Angeles
2021-08-10,32.8,19.53,25.72,0.4,Los Angeles
2021-08-11,33.86,20.93,26.25,0,Los Angeles
2021-08-12,33.66,19.58,25.82,0.01,Los Angeles
2021-08-13,32.21,18.97,25,0,Los Angeles
2021-08-14,32.19,19.67,25.14,0,Los Angeles
2021-08-15,30.47,19.85,24.51,0,Los Angeles
2021-08-16,31.75,20.46,25.12,0,Los Angeles
2021-08-17,28.54,18.94,22.81,0.06,Los Angeles
2021-08-18,25.7,18.33,21.15,0.17,Los Angeles
2021-08-19,27.58,17.5,21.46,0.02,Los Angeles
2021-08-20,28.12,17.64,21.67,0,Los Angeles
2021-08-21,25.55,17.02,20.2,0.1,Los Angeles
2021-08-22,27.66,16.71,20.68,0.03,Los Angeles
2021-08-23,26.3,16.54,20.22,0.01,Los Angeles
2021-08-24,27.76,15.86,21.47,0,Los Angeles
2021-08-25,30.73,18.56,24.18,0,Los Angeles
2021-08-26,34.31,21.16,26.85,0,Los Angeles
2021-08-27,33.97,20.36,26.54,0,Los Angeles
2021-08-28,33.08,20.58,25.92,0,Los Angeles
2021-08-29,35.19,20.88,26.37,0,Los Angeles
2021-08-30,29.58,19.46,23.64,0.01,Los Angeles
2021-08-31,26.96,16.91,20.81,0.02,Los Angeles
2021-09-01,25.9,16.76,20.23,0.03,Los Angeles
2021-09-02,26.99,16.43,20.29,0,Los Angeles
2021-09-03,29.74,16.38,22.62,0,Los Angeles
2021-09-04,33.07,19.6,26.13,0,Los Angeles
2021-09-05,35.21,21.37,28.05,0,Los Angeles
2021-09-06,33.56,19.98,25.28,0,Los Angeles
2021-09-07,31.54,19.03,24.36,0.02,Los Angeles
2021-09-08,31.92,18.8,24.91,0.01,Los Angeles
2021-09-09,31.8,22.58,26.52,0.62,Los Angeles
2021-09-10,32.01,22.07,26.18,0.12,Los Angeles
2021-09-11,32.53,21.99,26.32,0.02,Los Angeles
2021-09-12,31.48,20.86,25.49,0,Los Angeles
2021-09-13,31.98,18.74,24.46,0,Los Angeles
2021-09-14,29.55,15.73,21.82,0,Los Angeles
2021-09-15,28.13,15.1,20.45,0,Los Angeles
2021-09-16,25.49,13.62,18.41,0,Los Angeles
2021-09-17,26.18,14.04,18.93,0,Los Angeles
2021-09-18,24.97,14.19,18.53,0,Los Angeles
2021-09-19,27.1,13.85,19.89,0,Los Angeles
2021-09-20,30.62,14,22.08,0,Los Angeles
2021-09-21,35.07,18.72,26.36,0,Los Angeles
2021-09-22,33.1,22.17,26.66,0,Los Angeles
2021-09-23,29.99,19.33,23.71,0,Los Angeles
2021-09-24,29.29,17.48,22.31,0.18,Los Angeles
2021-09-25,26.64,16.65,20.77,0.02,Los Angeles
2021-09-26,24,14.52,17.84,0.02,Los Angeles
2021-09-27,23.7,14.61,17.97,0.06,Los Angeles
2021-09-28,23.27,14.65,17.66,0.01,Los Angeles
2021-09-29,26.99,12.51,19.13,0,Los Angeles
2021-09-30,31.83,14.95,22.77,0,Los Angeles
2021-10-01,31.75,16.45,23.68,0,Los Angeles
2021-10-02,32.58,18.47,24.94,0,Los Angeles
2021-10-03,33.09,19.48,25.28,0,Los Angeles
2021-10-04,30.59,18.26,24.25,0.18,Los Angeles
2021-10-05,25.55,17.29,20.52,2.7,Los Angeles
2021-10-06,23.24,16.33,18.89,0.02,Los Angeles
2021-10-07,21.74,16.06,17.73,0.65,Los Angeles
2021-10-08,20.61,13.85,16.6,1.43,Los Angeles
2021-10-09,23.97,11.47,17.13,0.01,Los Angeles
2021-10-10,27.57,12.43,19.09,0,Los Angeles
2021-10-11,22.07,12.15,16.73,0.02,Los Angeles
2021-10-12,20.31,8.04,14.02,0,Los Angeles
2021-10-13,23.06,9.47,15.64,0,Los Angeles
2021-10-14,25.81,11.4,17.76,0,Los Angeles
2021-10-15,29.04,14.55,20.26,0,Los Angeles
2021-10-16,29.34,14.1,20.69,0,Los Angeles
2021-10-17,23.1,12.71,17,0.05,Los Angeles
2021-10-18,19.31,11.28,14.36,0.34,Los Angeles
2021-10-19,21.63,8.15,14.1,0.01,Los Angeles
2021-10-20,24.44,11.08,16.66,0,Los Angeles
2021-10-21,25.66,14.17,18.33,0,Los Angeles
2021-10-22,21.81,13.39,16.52,0.15,Los Angeles
2021-10-23,20.96,12.8,15.98,0.3,Los Angeles
2021-10-24,20.61,12.24,15.52,0.29,Los Angeles
2021-10-25,15.91,10.54,13.57,14.85,Los Angeles
2021-10-26,21.52,8.32,14.18,0.04,Los Angeles
2021-10-27,27.97,11.75,18.85,0,Los Angeles
2021-10-28,30.97,16.97,22.04,0,Los Angeles
2021-10-29,29.39,16.76,21.43,0,Los Angeles
2021-10-30,22.89,12.7,17.02,0,Los Angeles
2021-10-31,19.7,10.85,14.72,0,Los Angeles
2021-11-01,18.7,12.04,14.66,0,Los Angeles
2021-11-02,22.63,12.67,16.54,0,Los Angeles
2021-11-03,25.76,13.22,18.79,0,Los Angeles
2021-11-04,27.09,14.12,19.12,0,Los Angeles
2021-11-05,26.49,14.42,18.8,0,Los Angeles
2021-11-06,22.61,12.87,16.28,0,Los Angeles
2021-11-07,21.67,10.76,15.19,0,Los Angeles
2021-11-08,20.77,10.59,14.43,0.03,Los Angeles
2021-11-09,20.05,10.92,14.57,0.02,Los Angeles
2021-11-10,25.75,10.8,17.46,0,Los Angeles
2021-11-11,30.23,15.94,21.43,0,Los Angeles
2021-11-12,31.86,17.43,22.49,0,Los Angeles
2021-11-13,30.25,16.44,22.01,0,Los Angeles
2021-11-14,31.12,15.5,22.16,0,Los Angeles
2021-11-15,27.75,15.99,20.45,0,Los Angeles
2021-11-16,21.48,12.94,16.23,0,Los Angeles
2021-11-17,20.78,10.56,14.93,0,Los Angeles
2021-11-18,21.5,13.69,16.53,0,Los Angeles
2021-11-19,20.57,11.72,15.24,0,Los Angeles
2021-11-20,22.69,10.27,15.36,0,Los Angeles
2021-11-21,26.01,14.37,18.58,0,Los Angeles
2021-11-22,27.09,13.15,18.87,0,Los Angeles
2021-11-23,22.09,12.47,16.68,0,Los Angeles
2021-11-24,22.7,10.31,15.29,0,Los Angeles
2021-11-25,21.9,10.28,14.53,0,Los Angeles
2021-11-26,24.84,9.48,15.67,0,Los Angeles
2021-11-27,25.01,11.99,17.39,0,Los Angeles
2021-11-28,27.22,12.54,18.43,0,Los Angeles
2021-11-29,26.74,14.33,18.99,0,Los Angeles
2021-11-30,28.49,14.27,19.19,0,Los Angeles
2021-12-01,27.92,14.77,19.19,0.01,Los Angeles
2021-12-02,22.6,11.41,16.04,0.04,Los Angeles
2021-12-03,19.68,10.87,13.79,0.01,Los Angeles
2021-12-04,19.88,10.16,13.55,0.02,Los Angeles
2021-12-05,23.45,9.02,14.85,0,Los Angeles
2021-12-06,21.88,11.34,15.05,0.04,Los Angeles
2021-12-07,15.78,10.92,12.6,0.39,Los Angeles
2021-12-08,19.7,8.63,13.17,0.13,Los Angeles
2021-12-09,12.69,6.66,10.69,3.34,Los Angeles
2021-12-10,15.75,5.52,9.35,0.01,Los Angeles
2021-12-11,17.7,5.14,10.74,0,Los Angeles
2021-12-12,16.87,8.26,11.24,0,Los Angeles
2021-12-13,13.36,7.93,10.6,3.74,Los Angeles
2021-12-14,13.21,4.44,9.73,49.12,Los Angeles
2021-12-15,12.63,3.72,7.72,0.1,Los Angeles
2021-12-16,11.76,6.27,8.95,1.18,Los Angeles
2021-12-17,18.34,5.84,10.24,0.31,Los Angeles
2021-12-18,19.67,5.93,11.09,0,Los Angeles
2021-12-19,18.05,7.97,11.59,0,Los Angeles
2021-12-20,17.8,6.73,11.75,0,Los Angeles
2021-12-21,19.1,10.86,13.92,0,Los Angeles
2021-12-22,19.04,12.25,14.31,1.99,Los Angeles
2021-12-23,12.94,10.97,12.19,50.74,Los Angeles
2021-12-24,13,10.26,11.52,13.12,Los Angeles
2021-12-25,11.17,8.19,9.72,9.67,Los Angeles
2021-12-26,12.9,5.66,8.78,3.09,Los Angeles
2021-12-27,10.23,6,7.91,6.32,Los Angeles
2021-12-28,11.01,3.98,6.94,0.44,Los Angeles
2021-12-29,10.62,5.14,8.37,30.05,Los Angeles
2021-12-30,12.56,9.05,10.49,60.31,Los Angeles
2021-12-31,14.69,4.6,9.74,0.12,Los Angeles
2022-01-01,13.92,2.88,7.3,0,Los Angeles
2022-01-02,15.71,2.71,7.96,0,Los Angeles
2022-01-03,15.19,5.83,9.49,0,Los Angeles
2022-01-04,16.77,6.44,10.33,0,Los Angeles
2022-01-05,20.43,6.34,11.87,0,Los Angeles
2022-01-06,21.03,10.56,14.77,0,Los Angeles
2022-01-07,15.91,9.81,11.93,0,Los Angeles
2022-01-08,16.48,7.3,10.8,0,Los Angeles
2022-01-09,19.89,6.93,11.96,0,Los Angeles
2022-01-10,18.79,8.42,12.2,0,Los Angeles
2022-01-11,21.21,8.77,12.92,0,Los Angeles
2022-01-12,22.09,8.44,14.24,0,Los Angeles
2022-01-13,19.67,12.56,15.03,0,Los Angeles
2022-01-14,21.02,11.94,15.3,0,Los Angeles
2022-01-15,17.13,11.78,13.62,0.38,Los Angeles
2022-01-16,20.17,11.49,15.05,0.01,Los Angeles
2022-01-17,16,11.82,13.44,2.23,Los Angeles
2022-01-18,16.97,9.66,12.6,0.27,Los Angeles
2022-01-19,18.14,7.35,11.69,0.01,Los Angeles
2022-01-20,21.69,8.65,13.93,0,Los Angeles
2022-01-21,19.6,9.47,13.37,0,Los Angeles
2022-01-22,16.92,8.02,11.32,0,Los Angeles
2022-01-23,20.69,7.69,12.86,0,Los Angeles
2022-01-24,20.3,7.91,12.92,0,Los Angeles
2022-01-25,19.15,7.8,12.14,0,Los Angeles
2022-01-26,18.87,6.67,11.35,0,Los Angeles
2022-01-27,19.81,5.92,11.44,0,Los Angeles
2022-01-28,17.57,6.78,11.29,0,Los Angeles
2022-01-29,17.18,6.78,11.3,0,Los Angeles
2022-01-30,20.65,5.46,11.86,0,Los Angeles
2022-01-31,17.33,8.78,11.71,0,Los Angeles
2022-02-01,16.42,6.74,10.68,0,Los Angeles
2022-02-02,14.48,4.85,8.7,0,Los Angeles
2022-02-03,17.54,3.93,9.79,0,Los Angeles
2022-02-04,17.73,5.36,10.38,0,Los Angeles
2022-02-05,19.31,5.36,11.2,0,Los Angeles
2022-02-06,23.27,7.4,13.67,0,Los Angeles
2022-02-07,22.7,8.52,14.24,0,Los Angeles
2022-02-08,24.31,8.98,15.2,0,Los Angeles
2022-02-09,26.2,10.87,16.84,0,Los Angeles
2022-02-10,26.25,12.7,17.61,0,Los Angeles
2022-02-11,27.05,12.19,18.05,0,Los Angeles
2022-02-12,27.04,12.33,18.75,0,Los Angeles
2022-02-13,27.06,12.87,18.87,0,Los Angeles
2022-02-14,23.21,11.08,16.17,0.05,Los Angeles
2022-02-15,14.15,6.42,10.82,1.56,Los Angeles
2022-02-16,17.35,4.73,10.11,0.02,Los Angeles
2022-02-17,19.67,6.37,12.07,0.01,Los Angeles
2022-02-18,21.17,6.6,13.27,0,Los Angeles
2022-02-19,22.24,9.42,14.97,0,Los Angeles
2022-02-20,18.78,9.86,12.82,0.12,Los Angeles
2022-02-21,14.7,8.48,10.68,0.24,Los Angeles
2022-02-22,12.08,6.08,9,1.67,Los Angeles
2022-02-23,11.05,2.66,6.68,0.86,Los Angeles
2022-02-24,14.35,1.61,7.39,0,Los Angeles
2022-02-25,16.65,3.07,9.44,0,Los Angeles
2022-02-26,19.27,4.48,10.96,0,Los Angeles
2022-02-27,21.82,5.99,12.93,0,Los Angeles
2022-02-28,26.05,9.19,16.27,0,Los Angeles
2022-03-01,28.32,10.4,18.21,0,Los Angeles
2022-03-02,25.61,12.62,18.26,0,Los Angeles
2022-03-03,17.85,10.69,13.95,0.78,Los Angeles
2022-03-04,15.5,9.98,11.84,3.85,Los Angeles
2022-03-05,12.66,4.29,8.71,0.6,Los Angeles
2022-03-06,15.62,3.01,8.78,0.02,Los Angeles
2022-03-07,18.88,4.65,11.01,0,Los Angeles
2022-03-08,19.78,5.61,12.28,0,Los Angeles
2022-03-09,19.54,8.12,12.99,0,Los Angeles
2022-03-10,19.13,7.87,13.01,0,Los Angeles
2022-03-11,21.41,5.31,12.91,0,Los Angeles
2022-03-12,23.36,8.25,15.03,0,Los Angeles
2022-03-13,21.13,8.85,14.39,0,Los Angeles
2022-03-14,24.46,7.79,15.89,0,Los Angeles
2022-03-15,23.67,12.3,17.18,0,Los Angeles
2022-03-16,24.22,10.78,16.74,0,Los Angeles
2022-03-17,25.01,11.8,17.45,0,Los Angeles
2022-03-18,25.04,11.17,17.44,0.01,Los Angeles
2022-03-19,18.55,10.99,13.94,1.94,Los Angeles
2022-03-20,20.77,9.03,14.05,0.36,Los Angeles
2022-03-21,24.22,8.6,16.24,0,Los Angeles
2022-03-22,27.75,13.79,20.2,0,Los Angeles
2022-03-23,27.83,14.79,20.51,0,Los Angeles
2022-03-24,27.23,15.66,20.8,0,Los Angeles
2022-03-25,26.47,16.46,20.45,0,Los Angeles
2022-03-26,23.16,10.7,17.05,0.03,Los Angeles
2022-03-27,18.42,10,13.18,0.3,Los Angeles
2022-03-28,14.9,10.53,12.21,23.98,Los Angeles
2022-03-29,19.76,9.29,13.67,0.49,Los Angeles
2022-03-30,21.81,9.97,14.49,0.22,Los Angeles
2022-03-31,20.07,11.44,14.5,0.35,Los Angeles
2022-04-01,22.25,10.94,15.5,0,Los Angeles
2022-04-02,20.35,12.02,14.9,0,Los Angeles
2022-04-03,20.07,11.53,14.51,0.01,Los Angeles
2022-04-04,24.31,8.36,15.93,0.05,Los Angeles
2022-04-05,28.9,12.42,19.62,0,Los Angeles
2022-04-06,30.27,14.76,21.78,0,Los Angeles
2022-04-07,33.44,15.69,23.55,0,Los Angeles
2022-04-08,33.24,16.71,24.43,0,Los Angeles
2022-04-09,26.66,13.01,20.54,0,Los Angeles
2022-04-10,22.81,10.14,15.62,0,Los Angeles
2022-04-11,19.04,10.15,14.18,0.08,Los Angeles
2022-04-12,18.78,5.94,11.7,0,Los Angeles
2022-04-13,21.31,5.18,13.03,0.01,Los Angeles
2022-04-14,20.51,7.52,13.96,0,Los Angeles
2022-04-15,21.63,8.95,14.51,0,Los Angeles
2022-04-16,18.97,10.62,14.21,0,Los Angeles
2022-04-17,23.52,9.31,15.58,0,Los Angeles
2022-04-18,24.31,12.42,17.3,0,Los Angeles
2022-04-19,22.87,12.39,16.63,0,Los Angeles
2022-04-20,19.61,9.94,14.13,0,Los Angeles
2022-04-21,19.24,9.25,13.57,2.05,Los Angeles
2022-04-22,17.94,9.49,13.28,3.48,Los Angeles
2022-04-23,23.8,7.7,16.02,0,Los Angeles
2022-04-24,27.41,11.88,19.19,0,Los Angeles
2022-04-25,28.67,13.18,20.9,0,Los Angeles
2022-04-26,24.59,12.93,18.43,0,Los Angeles
2022-04-27,21.86,11.13,15.82,0,Los Angeles
2022-04-28,19.82,10.59,14.71,0,Los Angeles
2022-04-29,25.33,8.12,16.28,0,Los Angeles
2022-04-30,25.32,11.94,17.96,0,Los Angeles
2022-05-01,23.31,11.7,16.51,0,Los Angeles
2022-05-02,23.69,9.91,15.95,0,Los Angeles
2022-05-03,24.42,11.53,16.8,0,Los Angeles
2022-05-04,26.75,10.89,19.15,0,Los Angeles
2022-05-05,24.99,13.45,18.84,0,Los Angeles
2022-05-06,25.57,13.62,19.36,0,Los Angeles
2022-05-07,24.41,12.95,18.05,0.02,Los Angeles
2022-05-08,20.42,10.82,15.48,0.04,Los Angeles
2022-05-09,19.34,8.18,13.79,0.01,Los Angeles
2022-05-10,20.07,8.22,13.79,0,Los Angeles
2022-05-11,20.05,6.95,13.6,0,Los Angeles
2022-05-12,25.99,8.81,17.61,0,Los Angeles
2022-05-13,30.19,13.15,21.52,0,Los Angeles
2022-05-14,32.55,15.34,23.86,0,Los Angeles
2022-05-15,29.58,15.65,22.21,0,Los Angeles
2022-05-16,25.86,13.16,18.69,0,Los Angeles
2022-05-17,24.68,11.66,17.27,0,Los Angeles
2022-05-18,27.57,11.39,18.79,0.01,Los Angeles
2022-05-19,24.58,12.43,17.31,0.06,Los Angeles
2022-05-20,23.05,12.31,16.45,0.18,Los Angeles
2022-05-21,23.89,12.83,17.11,0.02,Los Angeles
2022-05-22,24.61,11.48,16.92,0,Los Angeles
2022-05-23,26.97,11.81,18,0,Los Angeles
2022-05-24,27.96,12.23,19.8,0,Los Angeles
2022-05-25,27.08,14.93,20.34,0,Los Angeles
2022-05-26,25.01,13.53,18.13,0,Los Angeles
2022-05-27,21.61,12.7,16.5,0,Los Angeles
2022-05-28,22.1,12.85,16.55,0,Los Angeles
2022-05-29,25.43,11.72,18.13,0,Los Angeles
2022-05-30,25.82,10.98,18.28,0,Los Angeles
2022-05-31,26.41,11.23,19.36,0,Los Angeles
2022-06-01,28.99,13.9,21.38,0,Los Angeles
2022-06-02,26.15,14.31,19.82,0,Los Angeles
2022-06-03,24.22,13.69,17.91,0,Los Angeles
2022-06-04,24.18,14.27,18.62,0,Los Angeles
2022-06-05,27.64,13.24,20.26,0,Los Angeles
2022-06-06,29.39,16.14,22.19,0,Los Angeles
2022-06-07,30.36,15.39,21.85,0,Los Angeles
2022-06-08,29.07,15.25,22.2,0,Los Angeles
2022-06-09,31.06,16.34,23.5,0,Los Angeles
2022-06-10,31.17,19.13,24.77,0,Los Angeles
2022-06-11,31.32,18.7,23.99,0,Los Angeles
2022-06-12,28.48,16.33,21.62,0.01,Los Angeles
2022-06-13,27.83,15.52,20.73,0.04,Los Angeles
2022-06-14,30.35,13.31,21.63,0,Los Angeles
2022-06-15,30.71,15.69,22.79,0,Los Angeles
2022-06-16,28.47,14.76,21.12,0,Los Angeles
2022-06-17,23.9,13.55,18.08,0,Los Angeles
2022-06-18,23.78,12.67,17.85,0,Los Angeles
2022-06-19,28.55,12.37,20.52,0,Los Angeles
2022-06-20,32.76,14.62,24.28,0,Los Angeles
2022-06-21,30.19,18.88,23.83,0.05,Los Angeles
2022-06-22,30.64,20.32,25.24,1.22,Los Angeles
2022-06-23,31.54,19.91,25.18,0.23,Los Angeles
2022-06-24,31.86,19.09,24.96,0.01,Los Angeles
2022-06-25,32.34,18.16,25.07,0,Los Angeles
2022-06-26,33.14,18.05,25.75,0,Los Angeles
2022-06-27,34.72,20.46,27.66,0,Los Angeles
2022-06-28,33.59,21.06,26.97,0,Los Angeles
2022-06-29,32.55,18.64,25.34,0,Los Angeles
2022-06-30,30.21,17.88,23.8,0,Los Angeles
2022-07-01,28.72,17.15,22.78,0,Los Angeles
2022-07-02,27.52,16.21,21.42,0,Los Angeles
2022-07-03,25.36,14.17,19.32,0,Los Angeles
2022-07-04,27.08,14.19,20.18,0,Los Angeles
2022-07-05,27.79,15.44,21.02,0,Los Angeles
2022-07-06,26.93,16.53,21.24,0,Los Angeles
2022-07-07,29.39,15.88,22.41,0,Los Angeles
2022-07-08,29.04,16.05,22.3,0,Los Angeles
2022-07-09,30.72,16.61,23.59,0,Los Angeles
2022-07-10,31.14,17.85,24.47,0,Los Angeles
2022-07-11,30.53,17.8,23.59,0.01,Los Angeles
2022-07-12,26.52,15.72,20.77,0.01,Los Angeles
2022-07-13,28.52,15.37,21.62,0.01,Los Angeles
2022-07-14,29.04,18.1,22.85,0.02,Los Angeles
2022-07-15,31.94,19.42,25.43,0.02,Los Angeles
2022-07-16,33.1,20.64,26.2,0,Los Angeles
2022-07-17,31.25,20.8,25.27,0,Los Angeles
2022-07-18,32.2,21.03,26.07,0.02,Los Angeles
2022-07-19,32.8,20.33,26.17,0,Los Angeles
2022-07-20,30.99,19.86,24.81,0,Los Angeles
2022-07-21,33.71,19.64,25.48,0,Los Angeles
2022-07-22,31.53,17.64,24.11,0,Los Angeles
2022-07-23,31.33,17.95,23.21,0,Los Angeles
2022-07-24,28.58,17.01,21.94,0,Los Angeles
2022-07-25,30.53,16.35,22.31,0.02,Los Angeles
2022-07-26,29.81,17.02,22.71,0.02,Los Angeles
2022-07-27,28.87,17.31,22.7,0.02,Los Angeles
2022-07-28,30.51,17.73,23.74,0.02,Los Angeles
2022-07-29,31.47,18.7,24.34,0.03,Los Angeles
2022-07-30,28.36,19.98,23.31,0.11,Los Angeles
2022-07-31,28.21,21.32,23.97,0.36,Los Angeles
2022-08-01,30.98,19.76,24.83,0.34,Los Angeles
2022-08-02,31.77,19.67,24.83,0.03,Los Angeles
2022-08-03,30.78,20.67,24.86,0,Los Angeles
2022-08-04,29.06,19.15,23.56,0.15,Los Angeles
2022-08-05,30.15,19.72,24.46,0.01,Los Angeles
2022-08-06,33.52,19.03,25.71,0,Los Angeles
2022-08-07,33.87,20.61,26.97,0,Los Angeles
2022-08-08,32.08,21.95,26.78,0.02,Los Angeles
2022-08-09,32.92,21.23,26.68,0,Los Angeles
2022-08-10,32.63,21.38,26.72,0,Los Angeles
2022-08-11,33.55,21.9,27,0,Los Angeles
2022-08-12,33.72,21.69,26.97,0,Los Angeles
2022-08-13,34.93,21.7,27.86,0.02,Los Angeles
2022-08-14,33.73,21.91,26.81,0,Los Angeles
2022-08-15,33.87,20.89,26.49,0,Los Angeles
2022-08-16,33.9,21.19,26.92,0.01,Los Angeles
2022-08-17,33.55,22.02,26.66,0,Los Angeles
2022-08-18,32.48,20.2,25.05,0,Los Angeles
2022-08-19,33.05,19.72,25.46,0,Los Angeles
2022-08-20,29.33,18.88,23.15,0,Los Angeles
2022-08-21,27.96,17.63,22.05,0,Los Angeles
2022-08-22,30.02,17.6,23.57,0,Los Angeles
2022-08-23,32.94,20.27,25.71,0,Los Angeles
2022-08-24,31.21,19.57,25.08,0,Los Angeles
2022-08-25,32.19,20.88,25.61,0.11,Los Angeles
2022-08-26,32.64,19.91,25.05,0,Los Angeles
2022-08-27,28.87,18.05,22.73,0,Los Angeles
2022-08-28,28.19,17.53,22.33,0,Los Angeles
2022-08-29,29.51,17.68,23.22,0,Los Angeles
2022-08-30,33.98,20.71,27.11,0,Los Angeles
2022-08-31,37.47,23.05,30.72,0,Los Angeles
2022-09-01,36.82,25.36,30.66,0,Los Angeles
2022-09-02,36.09,22.89,29.03,0,Los Angeles
2022-09-03,37.5,23.99,30.65,0.11,Los Angeles
2022-09-04,38.1,25.19,30.5,0.22,Los Angeles
2022-09-05,36.88,23.43,29.56,0.04,Los Angeles
2022-09-06,36.16,24.89,29.54,0.13,Los Angeles
2022-09-07,37.38,23.98,30.13,0,Los Angeles
2022-09-08,35.84,24.9,29.86,0.03,Los Angeles
2022-09-09,32.82,21.77,27.88,5.48,Los Angeles
2022-09-10,30.04,21.6,25.01,1.72,Los Angeles
2022-09-11,30.37,21.46,24.94,3.46,Los Angeles
2022-09-12,28.72,20.46,23.94,1.85,Los Angeles
2022-09-13,28.08,19.29,22.84,0.05,Los Angeles
2022-09-14,26.74,17.45,21.3,0.01,Los Angeles
2022-09-15,26.76,16.6,20.71,0,Los Angeles
2022-09-16,27.44,16.12,20.99,0,Los Angeles
2022-09-17,25.32,16.52,20.08,0.06,Los Angeles
2022-09-18,24.23,15.55,19.15,0.05,Los Angeles
2022-09-19,25.77,14.96,19.53,0.12,Los Angeles
2022-09-20,26.79,16.79,20.8,0.11,Los Angeles
2022-09-21,26.46,15.61,20.08,0,Los Angeles
2022-09-22,30.42,15.46,22.32,0,Los Angeles
2022-09-23,32,17.95,24.51,0,Los Angeles
2022-09-24,32.11,20.51,25.37,0,Los Angeles
2022-09-25,33.06,21.16,25.97,0,Los Angeles
2022-09-26,33.73,22.26,26.9,0,Los Angeles
2022-09-27,33.8,21.48,26.81,0,Los Angeles
2022-09-28,33.62,20.86,26.37,0,Los Angeles
2022-09-29,30.87,18.21,24.01,0,Los Angeles
2022-09-30,27.23,15.63,20.6,0,Los Angeles
2022-10-01,26.58,15.32,19.33,0,Los Angeles
2022-10-02,26.54,15.28,19.84,0,Los Angeles
2022-10-03,28.29,15.87,21.19,0.01,Los Angeles
2022-10-04,30.02,17.68,22.69,0,Los Angeles
2022-10-05,29.93,18.06,22.56,0,Los Angeles
2022-10-06,29.34,17.84,21.99,0,Los Angeles
2022-10-07,30.11,17.22,22.49,0.01,Los Angeles
2022-10-08,29.43,18.21,22.68,0.04,Los Angeles
2022-10-09,28.9,18.21,22.26,0.05,Los Angeles
2022-10-10,27.12,16.75,21.06,0.18,Los Angeles
2022-10-11,26.54,16.22,20.36,0.79,Los Angeles
2022-10-12,27.02,16.15,20.36,0.92,Los Angeles
2022-10-13,26.8,16.1,19.84,0.19,Los Angeles
2022-10-14,26.56,15.38,19.46,0.2,Los Angeles
2022-10-15,22.66,16.26,18.35,2.08,Los Angeles
2022-10-16,24.57,15.9,18.93,0.57,Los Angeles
2022-10-17,27.56,15.03,20.71,0,Los Angeles
2022-10-18,31.04,18.22,23.68,0,Los Angeles
2022-10-19,31.8,20.45,25.42,0,Los Angeles
2022-10-20,30.45,19.18,24.46,0,Los Angeles
2022-10-21,26.74,14.82,20.36,0.02,Los Angeles
2022-10-22,20.74,14.3,16.49,0.46,Los Angeles
2022-10-23,22.5,11.87,16.23,0.04,Los Angeles
2022-10-24,24.01,10.87,16.75,0,Los Angeles
2022-10-25,25.25,13.01,17.88,0,Los Angeles
2022-10-26,24.06,12.9,16.9,0,Los Angeles
2022-10-27,24.23,10.59,16.61,0,Los Angeles
2022-10-28,24.56,12.92,17.79,0.02,Los Angeles
2022-10-29,26.48,13.07,18.73,0,Los Angeles
2022-10-30,28.09,13.61,19.8,0,Los Angeles
2022-10-31,26.09,15.33,19.3,0,Los Angeles
2022-11-01,20.19,12.67,15.58,0.91,Los Angeles
2022-11-02,19.48,9.81,14.23,2.88,Los Angeles
2022-11-03,16.62,7.49,11.19,0.21,Los Angeles
2022-11-04,20.56,7.2,13.24,0,Los Angeles
2022-11-05,22.95,10.53,15.08,0,Los Angeles
2022-11-06,20.42,11.78,14.98,0.32,Los Angeles
2022-11-07,17.31,11.33,13.87,8.79,Los Angeles
2022-11-08,16.73,9.34,12.98,36.99,Los Angeles
2022-11-09,16.14,7.65,11.4,1.92,Los Angeles
2022-11-10,19.44,5.69,11.62,0,Los Angeles
2022-11-11,20.03,6.81,12.37,0,Los Angeles
2022-11-12,19.32,7.58,12.29,0,Los Angeles
2022-11-13,18.58,6.45,11.61,0,Los Angeles
2022-11-14,20.31,6.53,12.48,0,Los Angeles
2022-11-15,20.71,7.91,13.2,0,Los Angeles
2022-11-16,20.9,9.58,13.56,0,Los Angeles
2022-11-17,22.64,8,14.05,0,Los Angeles
2022-11-18,21.23,9.09,13.69,0,Los Angeles
2022-11-19,20.11,9.08,12.93,0,Los Angeles
2022-11-20,23.4,8.57,14,0,Los Angeles
2022-11-21,21.62,8.86,14.23,0,Los Angeles
2022-11-22,22.24,10.31,14.95,0,Los Angeles
2022-11-23,22.95,9.01,14.65,0,Los Angeles
2022-11-24,22.4,10.61,14.96,0,Los Angeles
2022-11-25,22.2,8.96,14.46,0,Los Angeles
2022-11-26,21.7,10.12,14.43,0,Los Angeles
2022-11-27,21.2,8.85,13.9,0,Los Angeles
2022-11-28,16.64,10.77,12.71,0.03,Los Angeles
2022-11-29,17.6,7.6,11.86,0,Los Angeles
2022-11-30,15.84,8.8,11.12,0.04,Los Angeles
2022-12-01,13.19,9.01,10.92,0.62,Los Angeles
2022-12-02,14.13,10.49,11.84,4.7,Los Angeles
2022-12-03,20.59,10.97,14.42,0.04,Los Angeles
2022-12-04,15.41,10.75,12.94,2.02,Los Angeles
2022-12-05,15.86,9.89,11.84,0.06,Los Angeles
2022-12-06,14.95,8.58,10.56,0.05,Los Angeles
2022-12-07,14.51,8.25,10.27,0.18,Los Angeles
2022-12-08,16.16,6.86,10.51,0,Los Angeles
2022-12-09,16.43,6.68,10.67,0,Los Angeles
2022-12-10,14.87,8.86,11.28,5.15,Los Angeles
2022-12-11,12.63,5.88,10.37,25.98,Los Angeles
2022-12-12,10.06,4.8,7.1,7.02,Los Angeles
2022-12-13,13.6,2.34,7.59,0.06,Los Angeles
2022-12-14,15.5,3.85,8.84,0,Los Angeles
2022-12-15,16.27,5.98,10.41,0,Los Angeles
2022-12-16,17.67,6.88,10.99,0,Los Angeles
2022-12-17,16.85,5.82,10.3,0,Los Angeles
2022-12-18,16.94,6.02,10.61,0,Los Angeles
2022-12-19,17.91,4.71,10.71,0,Los Angeles
2022-12-20,19.2,8.89,12.44,0,Los Angeles
2022-12-21,22.12,8.21,13.7,0,Los Angeles
2022-12-22,19.11,9.77,13.96,0,Los Angeles
2022-12-23,20.98,9.84,14.03,0,Los Angeles
2022-12-24,24.37,9.98,15.63,0,Los Angeles
2022-12-25,25.37,12.98,16.91,0,Los Angeles
2022-12-26,25.58,13.14,17.81,0,Los Angeles
2022-12-27,15.46,11.43,12.92,13.89,Los Angeles
2022-12-28,16.74,8.13,11.32,1.48,Los Angeles
2022-12-29,13.33,8.82,10.83,0.84,Los Angeles
2022-12-30,13.6,9.66,11.39,1.29,Los Angeles
2022-12-31,13.38,11.05,12.23,33.34,Los Angeles
